Region_Code,W_REGN_N,Province_Code,W_PROV_N,FOOD_2021,NFOOD_2021,TOTEX_2021,BREAD_2021,MEAT_2021,FISH_2021,MILK_2021,FRUIT_2021,VEG_2021,FOODOUTSIDE_2021,OTHERFOOD_2021,FURNISHING_2021,HEALTH_2021,HOUSINGWATER_2021,TRANSPORT_2021,COMMUNICATION_2021,MISCELLANEOUS_2021,DURABLE_2021,OCCASION_2021,OTHERNFOOD_2021,FOOD_2018,NFOOD_2018,TOTEX_2018,BREAD_2018,MEAT_2018,FISH_2018,MILK_2018,FRUIT_2018,VEG_2018,FOODOUTSIDE_2018,OTHERFOOD_2018,FURNISHING_2018,HEALTH_2018,HOUSINGWATER_2018,TRANSPORT_2018,COMMUNICATION_2018,MISCELLANEOUS_2018,DURABLE_2018,OCCASION_2018,OTHERNFOOD_2018
1000000000,Region X - Northern Mindanao,1001300000,Bukidnon,101676990,120006151,221663505,35570314,15584533,13863306,7887912,4728174,7432797,3102329,13507625,4194507,5334012,43506726,15032448,7239750,17041698,6707497,5861400,15088113,89421545,103702784,193124329,35295854,9390157,10279137,6335743,3008726,5414734,10601807,9095387,4579012,6229472,32466942,11984442,2914392,12019140,9103693,6644263,17761428
1000000000,Region X - Northern Mindanao,1001800000,Camiguin,62599044,92163969,154739109,20847065,9456840,7532225,6167531,2840287,4471923,2124914,9158259,4134770,6972886,33102480,8932104,5292894,12419622,5435226,4094673,11779314,54596235,80007863,134604097,19506336,7418006,6060004,4444345,1616234,3418630,5461618,6671062,3187788,4222151,26395368,7474002,1624806,9285546,6188186,8084390,13545626
1000000000,Region X - Northern Mindanao,1003500000,Lanao del Norte,214677807,251992337,466456626,72008973,26765306,31154654,13679875,9666435,15358287,14752600,31291677,7537309,11489034,107148000,28659036,15980226,33104682,9025953,11283490,27764607,226408225,232880069,459288283,81912246,23245152,31997879,14844036,6549976,12769609,29244944,25844383,8910392,10707526,86054538,28055148,9930906,27863532,9142870,13069510,39145647
1000000000,Region X - Northern Mindanao,1004200000,Misamis Occidental,148783598,177697911,326436557,43204519,24205393,27858898,11490998,6157209,8600325,10693279,16572977,6056743,11331332,56011776,19108182,9684354,21884268,14912261,16308859,22400136,110792331,132268391,243060721,36353952,14513166,20754453,8842738,3101971,6931725,8678562,11615764,5544028,5620886,39985164,14579586,4048506,14875032,12976371,10028436,24610382
1000000000,Region X - Northern Mindanao,1004300000,Misamis Oriental,251731368,387825093,639505491,75956840,41923094,34082044,19167909,10046293,13942656,18465839,38146693,12806255,20553368,158150130,41019540,22974114,50723004,14930347,19827715,46840620,237805347,364081208,601886554,70463445,30848207,27567543,19936479,6258317,13034616,41394379,28302361,13050115,16270685,132872862,43561044,13855644,38056872,17625992,28024014,60763980
100000000,Region I - Ilocos Region,102800000,Ilocos Norte,172899583,201629121,374480375,38689223,38296114,25971486,8904166,7262063,14247775,15178512,24350244,7602942,11911554,72364428,21337128,14007804,30354054,16635173,7364880,20051158,152989069,190362986,343352056,34973785,26264282,16394426,8324671,3586659,9442422,37396629,16606195,7784250,10639782,65780394,21671604,7545846,23938062,13732093,12621817,26649138
100000000,Region I - Ilocos Region,102900000,Ilocos Sur,130485694,192391786,322801133,32774357,29023535,17840097,8308997,5790083,11030459,3702568,22015598,6480799,14206320,74358084,14953542,11677932,23810292,15402934,8781740,22720143,121650270,150985210,272635479,33712683,19355664,12734900,5979281,3062359,7598162,24291196,14916025,6696087,9151027,54091590,17379498,6357120,16703910,10405903,10250774,19949301
100000000,Region I - Ilocos Region,103300000,La Union,145796440,210126819,355832705,34998218,31139577,20032425,9791319,6692974,11060861,9526080,22554986,8485507,16070803,74556684,19486086,12819864,30823866,11288591,8628524,27966894,138990252,170211156,309201407,32905895,20146241,13431444,8305892,4082742,7048965,36783688,16285385,7603752,10182055,53272734,20587854,6513408,22806906,9435753,8864291,30944403
100000000,Region I - Ilocos Region,105500000,Pangasinan,129094454,173185421,302178746,33307081,21491996,16745537,9232799,5851488,9073197,12710316,20682040,6851117,13231919,68118138,15821412,9438342,24219648,7147538,6770674,21586633,139756398,152781928,292538324,34937817,16958133,13775122,9320664,4065877,7485639,37159832,16053314,7605913,7289312,53526834,17191254,5207364,20768280,7436326,6028337,27728308
1100000000,Region XI - Davao,1102300000,Davao del Norte,123864011,159789516,283614329,35443169,18778379,20201810,8632006,4625460,8713770,8903435,18565982,4313273,6595286,69967506,17235588,7380846,19075182,5197103,11384035,18640697,128715711,135808058,264523768,42045132,17476685,18057375,8920077,3526129,7135056,15862345,15692912,4693180,6156918,47543958,16552794,3975258,16645962,12086794,8306253,19846941
1100000000,Region XI - Davao,1102400000,Davao del Sur,235401834,374402015,609728258,69275908,40077320,37003882,17841304,10237564,15428083,11949550,33588223,10008063,17939703,162848766,36951816,20765256,52614228,15668231,14868667,42737285,249480495,313912385,563392869,67349987,33492542,33959174,19427376,6701611,13076566,47811816,27661423,11081453,12478676,117058104,36875838,10359834,35815572,19828199,16524350,53890359
1100000000,Region XI - Davao,1102500000,Davao Oriental,112440113,115830818,228208984,40556667,16351133,19235469,7575588,4631353,7100946,2471008,14517949,4149170,9146357,32394066,14501184,6589440,16396140,3816663,13342247,15495551,107982046,105668584,213650627,40956731,12802787,18315130,6825303,2783084,6209277,8768790,11320944,5087686,3621928,32006604,11570892,2283426,12815082,7365910,11058048,19859008
1100000000,Region XI - Davao,1108200000,Davao de Oro,106247229,106542100,212758161,37023055,14702181,16565548,7892137,4235645,8257784,3083908,14486971,4003047,5249622,36112488,14170296,5460702,14585754,5356368,6732714,14871109,93743247,95957998,189701237,33939653,11853410,13827597,7044845,2528538,6734957,7413839,10400408,4552218,4150654,32165754,11852544,2239848,12257376,5673971,6169032,16896601
1100000000,Region XI - Davao,1108600000,Davao Occidental,97132484,94011842,191122151,33689940,11508893,17648327,6108936,4619814,9074564,1468099,13013911,4709895,4858267,33159876,9624414,3462204,12861480,6037564,5678669,13619473,83885257,75846827,159732082,34849423,7840497,12079422,4495145,2943356,7070772,5442427,9164215,3795077,2824812,23417646,6856080,1100388,9267534,6198695,5772460,16614135
1200000000,Region XII - SOCCSKSARGEN,1204700000,Cotabato,119086520,139810135,258842928,38509674,16372016,20059763,7902532,5807006,9764053,3861865,16809611,4638018,7477772,43748436,18798852,7070742,20051616,9943274,7434993,20646432,112394633,117112114,229506744,36731217,12226121,17663232,7289183,4564265,8885833,11717856,13316926,5315459,8154990,36879510,14223540,2832648,11998656,8138442,7893756,21675113
1200000000,Region XII - SOCCSKSARGEN,1206300000,South Cotabato,227174761,330473323,557560801,68368513,33099318,36185365,17238868,10897712,17650258,13074551,30660176,10011051,22189039,114468030,40876374,18443814,45778488,13791734,15592796,49321997,245540389,320179550,565719934,75911501,26012982,34610856,18361234,7355905,14023993,42684908,26579010,11241241,20808961,92076384,42925728,10210506,38416128,21496464,20424233,62579905
1200000000,Region XII - SOCCSKSARGEN,1206500000,Sultan Kudarat,113042521,123486858,236475056,36977301,14240189,19510936,7198721,6164666,9386908,2856687,16707113,3892789,6069081,39243348,13952226,6241566,17575656,7330839,7374858,21806495,108572460,105241411,213813871,38654582,11100445,15606855,6347584,3479335,7650322,13327993,12405344,4275748,4765055,31754700,12713736,3161358,12536598,7341360,5613536,23079320
1200000000,Region XII - SOCCSKSARGEN,1208000000,Sarangani,99737680,101962456,201664232,34604502,11410130,15698603,6362243,4576312,9131587,3542421,14411882,3211298,4796354,31639482,14201064,4732512,17341938,3303332,6368717,16367759,92479204,88733616,181212817,32773597,8230168,14212137,6212750,2695226,6796536,10045580,11513210,4117217,3315133,25203876,10666704,1903134,11484564,6318579,6111095,19613314
1300000000,National Capital Region,1303900000,First District,228136710,248687547,476745879,37299649,46193874,25740508,12218270,9416895,10946895,59772965,26547654,6800254,10924537,126112218,17054994,16693518,28165458,6182708,4810682,31943178,206729567,279397819,486127380,36640900,27971494,17876173,12845143,6054071,9030983,74891988,21418815,8225856,9823277,117092232,24609678,12157692,30696378,11415639,7519330,57857737
1300000000,National Capital Region,1307400000,Second District,730184895,1193128485,1923096079,132996176,136382981,88205446,46198242,37378766,47421446,142612241,98989597,38101267,49994678,592212324,96499824,82237332,134423058,46133984,17308926,136217092,690513790,1170869570,1861383347,118981988,100051426,65596265,47050932,21232083,34792589,229398628,73409879,41230669,44390230,467294298,124232388,53448018,120366126,47431449,29959154,242517238
1300000000,National Capital Region,1307500000,Third District,673951999,895419891,1569206315,141943246,120170480,77791803,37453632,33626685,45965946,121292321,95707886,22307095,37423850,450485340,70298070,66390510,110676402,31292186,20857954,85688484,672998423,799847243,1472845654,132189386,97939293,71551172,44650975,23003287,37353416,182380931,83929963,26572083,28181156,340040862,93718560,35038836,102452736,29848528,30581781,113412701
1300000000,National Capital Region,1307600000,Fourth District,1036818861,1738300558,2774680771,210284711,199150558,132167978,64311446,58495157,72572814,143225534,156610663,52203685,64836010,935102418,141082188,116974740,196943820,46624805,31687922,152844970,891326531,1638213088,2529539611,167615140,131353526,93739169,56187827,26791056,48165724,262609518,104864571,54749916,52587312,703228488,162169338,75184206,181190658,74623717,48894847,285584606
1400000000,Cordillera Administrative Region,1400100000,Abra,129627134,146418645,275963482,41751677,27027039,16844375,6717153,4663787,12488270,2243776,17891057,4005932,6329593,62472480,12398478,7462452,20107896,9152801,6031353,18457660,104705512,123880211,228585720,37794615,15314455,11720313,4438295,3254738,10161228,9421728,12600140,4915503,6184087,45197004,13735026,3818334,18037560,5762184,4245264,21985249
1400000000,Cordillera Administrative Region,1401100000,Benguet,259749236,496361695,755957206,60358423,53844609,29534249,21004114,18446634,22756559,16212737,37591911,10080381,26735643,224207124,49997172,31389918,53714538,24580573,11938654,63717692,187407624,476735563,664143170,47628020,30885779,19565771,13934975,9688552,16867167,23482893,25354467,13231799,26267226,191296704,54230190,21119328,47328444,17768263,12963889,92529720
1400000000,Cordillera Administrative Region,1402700000,Ifugao,128187595,191854272,319934208,36308353,25506481,15276337,8265946,9400013,14462328,2928961,16039176,4319510,10218151,58360722,22317462,10881492,19205724,24162045,14521317,27867849,107724997,151472162,259197155,39749497,15600428,10569238,5350839,5367556,12128173,8429673,10529593,5200654,7643880,43982088,18609198,3928692,19716504,8999454,8541442,34850250
1400000000,Cordillera Administrative Region,1403200000,Kalinga,177041426,247981042,424810851,48096124,32131823,22121321,11472624,10150795,17899964,9455170,25713605,7847335,14464291,81929544,30394356,14316186,37465806,16036618,10093699,35433207,150671787,169044087,319715873,53422083,21052707,16284236,9995182,4075061,12201204,17900408,15740906,5199506,10064406,57653772,22066650,3837894,20290728,10208981,7381935,32340215
1400000000,Cordillera Administrative Region,1404400000,Mountain Province,115187813,167695833,282760977,33749401,19680103,12564407,8585515,8301128,11517377,3658227,17131655,3749972,7937144,48501858,13611024,9282564,27401742,14086587,10508106,32616836,90344476,122918860,213263289,31803070,13668761,9032070,6511589,4963748,9132416,4182324,11050498,4223056,6193513,31280790,8080944,3117054,16074120,5660770,10956364,37332249
1400000000,Cordillera Administrative Region,1408100000,Apayao,56910343,79810945,136625541,20150561,8836282,7284720,3055691,2848979,5095709,755633,8882768,2926460,10449830,22878786,8360010,3741486,11509854,3356982,3754464,12833073,47508027,67412762,114920786,19856633,6182588,5394616,2537870,1554003,4737753,1086590,6157974,2583418,2873566,18319554,8151690,1507692,8249232,3290093,2698262,19739255
1600000000,Region XIII - Caraga,1600200000,Agusan del Norte,280999481,389412335,670345694,81767330,47963998,41833647,21562373,12322949,17557185,18417860,39574139,14601264,25342437,126097338,46070988,21034836,50796198,28004974,21230034,56234266,253386772,305893934,559280700,79923237,35216430,33978694,20654673,6902317,13543540,34506163,28661718,12837168,15451889,93669540,37697628,10313928,35616414,23012787,20662353,56632227
1600000000,Region XIII - Caraga,1600300000,Agusan del Sur,137724107,154603306,292297764,40035076,22711162,22489002,9437440,7580209,10863116,6355091,18253011,5909809,9564081,42626154,18347592,7264164,23688534,12635677,11265989,23301306,108652811,138641460,247294271,36988250,12684631,16094690,8132326,4063214,7120780,11922967,11645953,5954467,6726303,36929310,13696656,2680680,17066424,12021039,11165552,32401029
1600000000,Region XIII - Caraga,1606700000,Surigao del Norte,69462839,86431894,155875546,21348646,10937217,11884874,5210607,3399129,4767005,2818177,9097184,3321236,4446502,39594996,9261012,4838970,10998378,2500328,3322178,8148294,128069586,143749687,271819272,41394805,16267154,22647880,10241656,4852544,8015201,9555816,15094530,5020635,5818102,50903688,14129424,3707850,15038196,12796843,12653202,23681747
1600000000,Region XIII - Caraga,1606800000,Surigao del Sur,122860352,164159358,286952599,41841721,17520800,21021118,9111602,5485308,7483041,2724145,17672617,7270859,5875016,53003100,16572228,8290542,23056944,15589083,12376891,22124695,109818357,142276136,252094491,41321516,11835624,16697806,7557519,3450330,6398018,9620391,12937153,5638274,6732245,39528696,15178380,3030450,16449444,18061302,12115900,25541445
1600000000,Region XIII - Caraga,1608500000,Dinagat Islands,49835278,59766928,109590092,18726390,5800852,8243388,3869900,2699443,4004251,442264,6048790,2310332,6079827,19035768,5042922,2533764,9403716,2292367,4760057,8308175,43830151,52497829,96327979,17349083,3394542,7766327,3635290,1615325,2922133,2750543,4396908,2099304,3018557,14061228,4727910,1107480,5880474,5319648,5091673,11191555
1700000000,Region IVB - MIMAROPA,1704000000,Marinduque,129731949,139953149,269642481,34217743,22912231,27048719,8257401,6341917,9995221,3219414,17739303,6881388,8795149,49476522,13322868,8257044,20670054,8902567,5573610,18073947,102197249,139184169,241381412,26738438,13340877,17635171,6681729,3902603,6931363,14276848,12690220,6201949,7154469,41911920,15020136,3271386,17651880,13925415,7159281,26887733
1700000000,Region IVB - MIMAROPA,1705100000,Occidental Mindoro,115158464,154964285,270079113,35046953,19533269,16511632,8342869,6485910,9201744,2097140,17938947,6677640,9558716,51793494,13891128,8210478,23279382,9703097,7162298,24688052,110878130,122151483,233029610,37451014,16436095,15164148,6850777,3486119,7271683,11267298,12950996,5652873,5211215,32239914,12288378,2730852,16554360,12023083,6300731,29150077
1700000000,Region IVB - MIMAROPA,1705200000,Oriental Mindoro,119178609,188858331,307972139,36697781,18367808,17658665,8668668,6702969,10449943,3325167,17307608,6667546,15810954,64538862,19317054,11418264,24885648,12306532,7608335,26305136,117178062,132767582,249945640,34069574,18415913,17082174,8209426,3940710,8076270,13813863,13570132,5307631,7376843,44233602,18713664,3646962,17251524,7114871,5416816,23705669
1700000000,Region IVB - MIMAROPA,1705300000,Palawan,209728595,301615746,511265740,75876467,28086808,30200175,14278007,10056121,16804495,4453772,29972750,8873471,15576207,126380256,29567682,16411062,39736440,24646546,7355752,33068330,215002080,256049811,471051886,74990278,22897469,27521731,12559164,7500353,15239289,27317703,26976093,10028746,10767045,101639322,28275846,8255064,28327614,13872967,9805531,45077676
1700000000,Region IVB - MIMAROPA,1705900000,Romblon,122056688,134295678,256340334,40871959,17495182,21119470,9414545,6558609,9240006,2070891,15286026,6442654,8920456,42437586,9060468,7850862,19812396,9511331,8234245,22025680,102410156,116954217,219364372,35433539,12074593,14394162,8156871,3561076,6608171,10006098,12175646,6366782,5519102,36784560,10547556,2597508,15640806,9100851,6336172,24060880
1900000000,Autonomous Region in Muslim Mindanao,1900700000,Basilan,97067277,87055481,184012636,36226586,5424298,16808349,5134024,6212215,9827127,899318,16535360,2848757,4821446,30477498,11212656,3264396,10375728,5379827,3217610,15457563,105897145,75220086,181117229,38420711,5564294,17784409,4893039,4113147,9980589,8895887,16245069,2285606,2585774,20050800,9649254,2471976,12240990,5562014,6654679,13718993
1900000000,Autonomous Region in Muslim Mindanao,1903600000,Lanao del Sur,290065543,130580897,419638646,88778474,11438364,34557693,10359997,15720830,19359530,33704836,76145819,4463143,7431974,48784128,15934350,4807908,21935574,3548251,2874058,20801511,137830612,94431533,232262141,60497995,5660167,17054655,6175490,5874908,10086348,13576883,18904166,4125862,3319942,35813496,11305584,2209500,14826924,2544810,1787091,18498324
1900000000,Autonomous Region in Muslim Mindanao,1906600000,Sulu,106594391,72107363,178614527,40616063,3742605,22904876,3564951,4201439,9634976,2690816,19238665,1763306,4489285,24304620,10277100,2675538,11311248,4766240,1763070,10756956,88455756,45448277,133904031,27097295,2072739,29463422,2376613,4038511,9509769,922058,12975349,1219299,796246,15917838,4131432,1317192,7115514,412466,1259257,13279033
1900000000,Autonomous Region in Muslim Mindanao,1907000000,Tawi-tawi,120325542,87238318,207039532,41170495,4955362,18221875,6094722,6847248,12915117,1788722,28332001,2586769,2824595,30949092,12783744,5000298,12550074,2411808,3548935,14583003,86840758,55431557,142272315,29159909,4068808,12810032,4540638,4445936,11162264,2030699,18622472,1705424,879690,21972702,7731336,1638798,8775594,1368797,1920334,9438882
1900000000,Autonomous Region in Muslim Mindanao,1908700000,Maguindanao,112882787,104310984,217115417,42084033,7855781,18412108,4722356,6613661,8407083,5311895,19475870,3064510,2489529,36534540,14143410,5296296,15402000,6653478,4397358,16329863,121427430,83312020,204739446,52441894,5720669,14244231,5093219,4128288,7440961,16839711,15518457,2476836,2151829,30006054,9970206,2663040,11486688,3067327,5298869,16191171
1200000000,Region XII - SOCCSKSARGEN,1909900000,Cotabato City,85514163,104205857,189685512,26966423,7447921,12147588,4505099,5535503,5785766,7009436,16116427,2743266,3026982,42244344,11167494,6221484,14538906,6907133,4169301,13186947,78863641,68308519,147172157,29887318,4303443,8970997,4175948,2375864,4211488,14524551,10414032,1800082,2038941,28710582,7134096,2513136,10032888,2539448,3484358,10054988
200000000,Region II - Cagayan Valley,200900000,Batanes,61705424,145048656,206725064,16541557,10290484,7734647,5312041,4108164,6888819,919669,9910043,5029127,9476088,52869666,14530968,9680886,15372738,8518231,9719459,19851493,52308791,106323075,158631865,13370929,8692788,5655478,4962571,2877316,6437449,1976963,8335297,3861391,4014098,34837650,10147908,4108044,14026992,8321651,6869811,20135530
200000000,Region II - Cagayan Valley,201500000,Cagayan,141619733,188083449,329484116,35947772,29731989,20544335,8991702,6617967,13158748,2870607,23756613,7357021,9903971,74053542,16933560,11880048,22943082,12309695,6245443,26457087,116423777,136328648,252752425,32626014,19923326,13855076,7762889,3021307,8274231,16451971,14508963,5261221,6354265,47654808,14990136,4362084,15121662,9639059,7670094,25275319
200000000,Region II - Cagayan Valley,203100000,Isabela,123276920,164870982,288093128,31145675,25130254,17207433,9170916,5138474,11228298,4235970,20019900,5955136,11347750,67219620,17562546,9937404,24339090,5449437,4775015,18284984,111799555,117106344,228905897,30412990,19099278,12968771,7349473,2312962,7932826,18768655,12954600,5041075,4391885,40738800,14200044,3819348,16234338,4640889,6102911,21937054
200000000,Region II - Cagayan Valley,205000000,Nueva Vizcaya,137618027,173597454,311069093,33219858,29671836,19652009,9648092,7125535,13480324,3974660,20845713,5662136,12901400,59572452,23049822,10819962,22815912,11346147,5767501,21662122,120077603,149335545,269413146,29703277,19817210,13521267,8236123,3674636,9349766,21515801,14259523,5996812,7742797,46407996,18420972,5501004,20880210,7324178,6520550,30541026
200000000,Region II - Cagayan Valley,205700000,Quirino,125592482,169506949,294951308,34111877,24050441,17099921,9004442,7061091,11477488,4064829,18722393,5961552,10915973,55317588,18866466,10395078,24567828,11041035,6932339,25509090,114741391,148287889,263029280,34385816,19353281,13740972,8290176,3651905,9444534,12106954,13767753,6124014,7937497,39964026,16058418,4249872,19598190,19124080,6305856,28925936
300000000,Region III - Central Luzon,300800000,Bataan,163681518,237147588,400786585,36450657,31175231,24856575,11858634,8639718,12270096,14432630,23997977,9464090,19276219,95321502,23144706,14912544,30686898,12505586,6827696,25008347,165370704,236915041,402285742,35608087,25930181,19208951,12346941,5252630,10053705,37219931,19750278,9334092,14357106,79193826,28901754,9677130,28284462,19329026,10485525,37352120
300000000,Region III - Central Luzon,301400000,Bulacan,156418902,218409970,374774627,34471720,29995920,20116896,11463604,6700315,11087362,16433569,26149516,6968469,14546056,88929180,22771326,14709984,30744006,11732600,4275461,23732888,146979155,229842537,376821690,30028686,21456678,15254761,10960028,3890703,7788369,37505826,20094104,8287981,14856651,74328612,30534252,9813252,25237164,20665673,10469124,35649828
300000000,Region III - Central Luzon,304900000,Nueva Ecija,117674448,155914217,273534923,31236069,23728123,15202692,8130685,6155131,9638717,5165124,18417907,4843419,7940628,75021150,13874994,9103626,19641288,4382607,4526188,16580317,141960125,172264780,314224904,36295003,21875887,13535260,9438592,3794734,8187699,31994612,16838338,7093734,10794673,60775974,19221300,6216354,19493442,8690985,9754567,30223751
300000000,Region III - Central Luzon,305400000,Pampanga,404364762,587659125,991791127,72677396,89115306,53388460,23974984,24988895,31393443,40148866,68677412,17777100,30191428,264428370,54025332,36847584,67283178,22324887,25953296,68827950,329601809,429275832,758877641,64864745,51925493,34733225,22651218,9137511,17871520,86877181,41540916,16391678,17550787,151061526,52606116,20302758,45227706,22298027,28523106,75314128
300000000,Region III - Central Luzon,306900000,Tarlac,162614928,223760182,386258986,35181996,32440549,22063651,11168019,8865080,12012524,13248240,27634869,9156958,19079658,76842600,21453000,12722874,29401902,15989341,8302068,30811781,156023299,183011879,339035179,36505636,23635407,18266698,11053626,4997733,9910784,32318757,19334658,7483155,8366345,56226852,23899674,6860994,22550820,10082990,11484751,36056298
300000000,Region III - Central Luzon,307100000,Zambales,312996757,471623107,784469355,69629571,55551661,43118091,21229280,18316031,25367629,30014661,49769833,15064543,24613131,208193286,39464256,30861018,61201062,17359141,20447215,54419455,313162955,438238433,751401388,67802426,49723689,37131320,23112416,11207618,22277404,61718482,40189600,16778762,17971458,163843812,44905308,18251574,47621574,25856853,21308408,81700684
300000000,Region III - Central Luzon,307700000,Aurora,150602033,189348107,339905444,38793343,27218194,24872791,11707168,8045149,13260620,4764667,21940101,6838911,10032299,60543744,17472066,12687690,26657136,14983191,8885361,31247709,142044612,172455180,314499787,35843959,23881974,21937954,10807694,4508461,10899939,17673614,16491017,8177901,10822285,46250820,17352288,5141334,22417500,17373692,8823033,36096327
400000000,Region IVA - CALABARZON,401000000,Batangas,150747762,233953326,384688459,37371870,31064236,20285601,9808046,7033027,10086642,10447777,24650563,6944530,18032529,91296108,22423668,14576040,30991620,7637360,7605507,34445964,134810396,207985881,342796275,31042690,20212061,13026443,8229016,3240693,6388188,37714096,14957209,9119081,10658626,72943836,26944932,9672246,27054504,6040741,11088206,34463709
400000000,Region IVA - CALABARZON,402100000,Cavite,176321223,257588969,433854557,35029005,30800258,20861073,12268912,8617527,12660413,31059847,25024188,6837170,16578884,102747762,25422288,18163818,34118586,10162788,6849694,36707979,149920389,238437918,388358305,30129058,22837980,15626154,12080545,4646739,8620977,37120314,18858622,7972965,11454373,78488250,29942034,10776054,25997310,18087774,7352235,48366923
400000000,Region IVA - CALABARZON,403400000,Laguna,160480336,228170653,388599509,36014759,30864603,19241624,11825664,7399949,10801314,15608219,28724204,7323041,13273721,92272632,23915454,14939730,32825430,11989921,5301758,26328966,174438648,245404979,419843627,35984082,28383576,16074601,14461113,4880842,8659998,45457449,20536987,9990135,12022906,79819626,30621282,10921458,28665522,18117026,9054713,46192311
400000000,Region IVA - CALABARZON,405600000,Quezon,249009941,300597331,549567583,62870265,42482891,37668003,15998781,11996694,16942575,25665894,35384838,10623389,23180110,112991970,24862056,19008960,42794322,12144018,12624535,42367971,232009280,290027150,522036428,53572854,30558957,25129416,14320167,6878022,12368850,62243006,26938008,11767354,17662867,91400130,27683934,11538198,35460204,17906454,15649563,60958446
400000000,Region IVA - CALABARZON,405800000,Rizal,209659121,275279520,484849917,39817404,38181952,24340081,13661453,10201747,13987776,40428622,29040086,8922372,12799028,120075408,27440292,17537208,32788746,8753257,8630900,38332309,173295867,269087357,442383223,33714063,25084369,16893954,13075988,4962725,10016970,48694378,20853420,11276634,12872792,89909856,35254854,11502948,28312350,18332401,9490154,52135368
500000000,Region V - Bicol,500500000,Albay,135939345,181906862,317796526,37032015,22636584,16092772,11070840,7053069,10071957,11731692,20250416,6625129,10034793,79482264,17210010,9288612,25032402,5664356,7971275,20598021,131252097,155357189,286609283,34176648,18819699,14809495,10226798,5898143,7960131,24105688,15255495,7341159,9575987,54096138,15920442,4672788,18448350,10994456,7723645,26584224
500000000,Region V - Bicol,501600000,Camarines Norte,116570050,135777704,252333502,34431354,18574355,15029223,9702270,5734498,8503411,8515220,16079719,5184555,9613971,57239094,12872448,8852940,19078758,3313320,4413446,15209172,111552968,121522416,233075384,33037229,14514378,12775955,8700382,3997055,6586129,19910422,12031418,5503676,9205061,41275512,11683266,3216618,14191596,8178428,6342857,21925402
500000000,Region V - Bicol,501700000,Camarines Sur,125449171,154404480,279814003,41294749,18949819,15433241,10221531,6489858,10733565,3370231,18956177,4803125,10662856,62986626,17235318,9026484,17366046,4892875,6212278,21218872,116043552,140167592,256211143,38194154,15774801,13681535,10099229,4780515,8084830,11551096,13877392,5955260,10204518,48539664,13734738,4068192,16221504,7658731,8312342,25472643
500000000,Region V - Bicol,502000000,Catanduanes,141614319,173557248,315116621,41438372,22357851,21298985,10897979,6408478,10945048,7178207,21089399,8030175,11968337,58360536,16083384,9239328,27183078,12257062,7998720,22436628,127079627,151025270,278104889,38836442,18164919,16804878,9549023,5030369,7684943,14678501,16330552,7114949,7554049,50243544,13384992,3380862,18630006,9888703,11999297,28828868
500000000,Region V - Bicol,504100000,Masbate,125035075,103280600,228284124,44383511,15299756,23593353,8235856,5648339,8388351,1938317,17547592,5471107,5968416,30118890,10526976,4636626,18891882,3713650,6743513,17209540,113667083,100931473,214598552,42354203,10535810,19682348,6544403,3767417,6130050,9629669,15023183,4885438,4109850,27868788,9227466,2210226,12957978,8453818,8421494,22796415
500000000,Region V - Bicol,506200000,Sorsogon,147407359,146455053,293833225,44666304,24135804,22809016,11092213,8354813,10654795,5379263,20315151,6685448,9877217,51523974,16087386,7919328,21572802,6343834,5927967,20517097,142893047,149318168,292211214,42147801,20955717,19443195,10675791,6200222,10345785,16869934,16254602,7398750,8907231,48928932,16424874,4212624,19179738,9543781,8116503,26605735
600000000,Region VI - Western Visayas,600400000,Aklan,132180660,184580778,316743836,35476735,22464555,23675786,9863879,5835517,10844232,5664527,18355429,8020178,15603632,68391966,17413896,8959578,24476922,9030464,9015677,23668465,133047934,191752893,324800824,38511838,18239554,20637414,9595164,4473569,8943756,17006290,15640349,8319648,13463093,59162310,18516396,5241300,21197514,15099672,14944618,35808342
600000000,Region VI - Western Visayas,600600000,Antique,118696602,151798956,270451755,37024090,15646757,20904915,7919728,7001498,9778707,3825582,16595325,5494253,14291184,52536834,14734572,9341340,25539942,6768888,4333016,18758927,112393331,113380090,225773419,36835812,13006801,18799585,7620049,4822544,9166057,9394694,12747789,5876295,10261475,30338916,11907624,3538026,16822656,6972830,6303411,21358857
600000000,Region VI - Western Visayas,601900000,Capiz,152221359,170486539,322604306,39954960,23856342,29273222,9298152,7723725,11942794,7888462,22283702,6412114,10729194,62986302,16991412,8532882,28458720,5585805,8983106,21807004,134971535,156980675,291952210,37443728,16300028,19791018,8255885,5340456,8924712,20565743,18349965,7330268,7728381,46539294,17387652,3936618,21105456,9216079,18592493,25144434
600000000,Region VI - Western Visayas,603000000,Iloilo,279400850,462325657,741649521,79997463,40844347,39884253,19620961,13419005,17333525,26300692,42000604,19027978,30301530,191574390,40525824,25135740,66090744,17589344,13746126,58333981,276927195,438777513,715704692,80935950,36436782,38192538,21757528,9423682,16506442,38717278,34956995,18755806,25041780,154148538,47802906,15970596,47312298,21973661,29660169,78111759
600000000,Region VI - Western Visayas,604500000,Negros Occidental,295924595,367172642,662985901,81737726,39173454,43890448,19783820,14383602,20317405,33660746,42977394,15659453,17619871,153910254,35812980,21871698,48658242,11269975,15175044,47195125,255930654,362337819,618268472,74937149,27738475,31271372,17878093,9146292,15671628,46649134,32638511,17506444,19807651,121191654,41678886,14482830,38618340,17558806,19652118,71841090
600000000,Region VI - Western Visayas,607900000,Guimaras,68863405,84396758,153241864,20168222,8734418,14332291,4292989,3868471,4958537,3366378,9142099,2880694,14104800,25642374,9016050,3195810,13100730,1847775,3846559,10761966,70096823,72674178,142771001,22688082,7759841,13204608,4959914,2660691,4241734,6547912,8034041,3409614,4006941,21569964,7772148,1837026,8491062,3128674,6399070,16059679
700000000,Region VII - Central Visayas,701200000,Bohol,109896300,147263903,257123612,38570535,14679762,17562706,8141546,5622599,7483652,2370416,15465084,5659443,7694354,59594892,16658052,7076640,18874782,6583834,7566266,17555640,103527608,166522516,270050121,36046314,11825512,15205674,7399890,3618952,6378721,10747268,12305277,7391272,8608833,57415842,16824378,4347156,14475330,19450751,13100920,24908034
700000000,Region VII - Central Visayas,702200000,Cebu,544004549,780691418,1324479091,144507947,99479985,74704625,39104036,25501494,32027333,55619298,73059831,20514602,35697318,391692198,77019624,46171602,90900210,19147495,22680019,76868350,482332573,632752098,1115084668,122912966,62510643,54298983,35278950,14799908,19929339,121871929,50729855,25198907,31147295,266028504,72060186,25119816,67870494,27730307,27940947,89655642
700000000,Region VII - Central Visayas,704600000,Negros Oriental,95425849,130051722,225469715,35496138,11818035,16040203,6987755,4041059,5995451,3151831,11895377,4264296,10540316,52310826,13875288,7311684,16432542,9113084,5503183,10700503,85199776,130894707,216094482,28676288,8762339,12782941,6813438,2732020,5859136,10064868,9508746,6044855,6278252,52489956,13089798,3963672,12728484,9181520,7506789,19611381
700000000,Region VII - Central Visayas,706100000,Siquijor,66543565,87516507,154028727,22557795,8785429,11682427,5295786,3990551,5934162,1068642,7228773,3522587,7134121,29831724,9061194,3503616,12581772,3221576,8337033,10322884,51806284,84777655,136583939,16799918,5037667,8229944,3755362,2470738,4125322,5071247,6316086,3792045,3936637,26974932,7669728,1666782,9098586,7942638,8906578,14789729
800000000,Region VIII - Eastern Visayas,802600000,Eastern Samar,111203625,131515367,242663986,35621491,16731650,16539690,8162010,5099458,7370763,3914068,17764495,5431099,6206139,49601190,10884942,7666530,19418850,7976472,11237900,13092245,103818528,119431883,223250411,38959084,11238624,15833671,6143916,3469469,7043611,7158066,13972087,5615226,5478301,38910096,11088804,2400816,14249886,6498628,12360513,22829613
800000000,Region VIII - Eastern Visayas,803700000,Leyte,307061874,415746741,722648477,85018723,51952952,50950564,21341373,14910309,21287242,19614663,41986048,13951320,27233285,174827532,41892438,22289076,57363390,16866502,15516873,45806325,240103204,347835186,587938379,75279327,33938303,33306375,18046560,7900027,13361167,29324175,28947270,16038276,16807980,117755442,37265532,11259516,40830894,27926547,21274944,58676055
800000000,Region VIII - Eastern Visayas,804800000,Northern Samar,128413816,131689753,260068067,42867841,18167953,18438224,7763621,5625626,9945892,5438349,20166310,5063983,4765544,55790604,11079168,5953050,21394152,4174798,7742793,15725661,114402773,126433301,240836074,43534512,13935445,14240005,7100998,3864705,7270927,8121709,16334472,5651946,4039552,44683656,10001934,2547330,17621664,6223883,13435334,22228002
800000000,Region VIII - Eastern Visayas,806000000,Samar (Western),133962565,131948656,265776499,46672676,18164816,20760329,8173608,5463746,9051237,3276972,22399181,5469908,6352630,49030692,12385122,7735386,19838880,5056797,6397841,19681400,111082313,110277882,221360194,42385433,11007346,15447331,6451572,3817782,7442041,8848132,15682676,5314632,4358322,35067942,9390516,2502522,15631950,6892379,9806962,21312657
800000000,Region VIII - Eastern Visayas,806400000,Southern Leyte,144412343,164240655,308612052,44361413,24424486,22331045,10755994,6521243,9468722,7675198,18874242,6260315,10506477,57563310,16184040,8792256,21546096,9623427,9298209,24466525,124362832,143498450,267861278,42628978,16421891,16360299,9654129,3878054,6121408,15116480,14181593,7212464,10076018,43520664,13454304,4029774,17449800,10255883,13280164,24219379
800000000,Region VIII - Eastern Visayas,807800000,Biliran,136666245,176960187,313539833,46385468,17720074,24344510,9580087,6066701,8394845,5377369,18797191,8936990,12643136,59621664,16701654,9260154,24982068,11123796,9964784,23725941,130820797,171207413,302028206,45763853,13878050,22520940,9251965,4336408,7156312,11823237,16090032,8984192,9106811,44245116,16374570,4063020,19728546,19485419,14704044,34515695
900000000,Region IX - Zamboanga Peninsula,907200000,Zamboanga del Norte,101259463,117917815,219121041,35148910,13924672,17253362,6984732,4657183,7404635,2209281,13676688,4223499,7585838,40294452,13828710,6020118,17675100,7088278,6974886,14226934,90263103,97545681,187808780,33094759,10020844,15186624,6062914,3172541,6071747,6451309,10202365,3680084,4546425,30327834,10702698,2258358,11963232,8754374,6495052,18817624
900000000,Region IX - Zamboanga Peninsula,907300000,Zamboanga del Sur,281752670,285237523,566939154,86782043,36869070,53437226,19606631,14280881,21723772,8478261,40574786,10291162,13360433,110523120,30903576,16711290,40398330,14384344,14596955,34068313,231787589,221947041,453734628,79228111,22611951,39892007,15404002,6380414,15336277,24062220,28872607,8752683,11262057,77692824,22627878,7228752,28554450,12417286,13230340,40180771
900000000,Region IX - Zamboanga Peninsula,908300000,Zamboanga Sibugay,103143975,127257868,230291828,38853236,11569051,17011292,6961879,4535341,6692246,2621239,14899691,5357939,5995129,39378012,13676238,5948232,20485296,9025415,9426924,17964683,94615255,96424694,191039947,36222018,8297483,14725977,6260139,3079641,5767851,8527660,11734486,4720426,4846544,25241094,9428316,2405220,13995030,9259062,6652817,19876185
900000000,Region IX - Zamboanga Peninsula,990100000,Isabela City,49861837,47476338,97309994,18063552,4276173,8852509,3241537,2124090,3694057,617652,8992267,1429889,2437525,20334636,5999868,2672934,7338270,2007335,1291155,3964726,44069331,52941898,97011227,15609201,3163567,6077155,2734484,1596990,3107055,4783152,6997727,1489496,1481337,15095778,6045330,2072064,9027006,4815603,4390904,8524380
